"fecha";"Run Fondo";"serie";"periodo";"rent"
2023-01-31;"8257";APV;"1M";-5.63%
2023-01-31;"8257";APV;"3M";-13.16%
2023-01-31;"8257";APV;"6M";-9.59%
2023-01-31;"8257";APV;"1Y";"2.10%"
2023-01-31;"8257";APV;YTD;-5.62%
2023-02-01;"8257";APV;"1M";-7.10%
2023-02-01;"8257";APV;"3M";-14.51%
2023-02-01;"8257";APV;"6M";-9.80%
2023-02-01;"8257";APV;"1Y";"0.82%"
2023-02-01;"8257";APV;YTD;-7.07%
2023-02-02;"8257";APV;"1M";-8.31%
2023-02-02;"8257";APV;"3M";-15.74%
2023-02-02;"8257";APV;"6M";-11.36%
2023-02-02;"8257";APV;"1Y";-1.03%
2023-02-02;"8257";APV;YTD;-8.27%
2023-02-03;"8257";APV;"1M";-7.04%
2023-02-03;"8257";APV;"3M";-15.93%
2023-02-03;"8257";APV;"6M";-11.56%
2023-02-03;"8257";APV;"1Y";-1.46%
2023-02-03;"8257";APV;YTD;-7.39%
2023-02-04;"8257";APV;"1M";-7.36%
2023-02-04;"8257";APV;"3M";-14.44%
2023-02-04;"8257";APV;"6M";-11.17%
2023-02-04;"8257";APV;"1Y";-2.44%
2023-02-04;"8257";APV;YTD;-7.38%
2023-02-05;"8257";APV;"1M";-7.49%
2023-02-05;"8257";APV;"3M";-14.44%
2023-02-05;"8257";APV;"6M";-12.19%
2023-02-05;"8257";APV;"1Y";-2.43%
2023-02-05;"8257";APV;YTD;-7.37%
2023-02-06;"8257";APV;"1M";-4.52%
2023-02-06;"8257";APV;"3M";-12.71%
2023-02-06;"8257";APV;"6M";-10.42%
2023-02-06;"8257";APV;"1Y";-0.45%
2023-02-06;"8257";APV;YTD;-5.49%
2023-02-07;"8257";APV;"1M";-5.15%
2023-02-07;"8257";APV;"3M";-12.08%
2023-02-07;"8257";APV;"6M";-11.00%
2023-02-07;"8257";APV;"1Y";-1.25%
2023-02-07;"8257";APV;YTD;-6.10%
2023-02-08;"8257";APV;"1M";-5.89%
2023-02-08;"8257";APV;"3M";-11.59%
2023-02-08;"8257";APV;"6M";-10.87%
2023-02-08;"8257";APV;"1Y";-1.71%
2023-02-08;"8257";APV;YTD;-6.82%
2023-02-09;"8257";APV;"1M";-4.49%
2023-02-09;"8257";APV;"3M";-10.95%
2023-02-09;"8257";APV;"6M";-9.99%
2023-02-09;"8257";APV;"1Y";-0.89%
2023-02-09;"8257";APV;YTD;-6.45%
2023-02-10;"8257";APV;"1M";-3.55%
2023-02-10;"8257";APV;"3M";-9.35%
2023-02-10;"8257";APV;"6M";-8.32%
2023-02-10;"8257";APV;"1Y";"1.75%"
2023-02-10;"8257";APV;YTD;-5.91%
2023-02-11;"8257";APV;"1M";-2.61%
2023-02-11;"8257";APV;"3M";-8.73%
2023-02-11;"8257";APV;"6M";-7.58%
2023-02-11;"8257";APV;"1Y";"1.50%"
2023-02-11;"8257";APV;YTD;-5.89%
2023-02-12;"8257";APV;"1M";-2.21%
2023-02-12;"8257";APV;"3M";-8.72%
2023-02-12;"8257";APV;"6M";-7.62%
2023-02-12;"8257";APV;"1Y";"1.51%"
2023-02-12;"8257";APV;YTD;-5.88%
2023-02-13;"8257";APV;"1M";-3.30%
2023-02-13;"8257";APV;"3M";-9.52%
2023-02-13;"8257";APV;"6M";-8.42%
2023-02-13;"8257";APV;"1Y";"0.64%"
2023-02-13;"8257";APV;YTD;-6.69%
2023-02-14;"8257";APV;"1M";-3.83%
2023-02-14;"8257";APV;"3M";-11.13%
2023-02-14;"8257";APV;"6M";-8.91%
2023-02-14;"8257";APV;"1Y";-0.63%
2023-02-14;"8257";APV;YTD;-7.18%
2023-02-15;"8257";APV;"1M";-3.45%
2023-02-15;"8257";APV;"3M";-9.81%
2023-02-15;"8257";APV;"6M";-8.54%
2023-02-15;"8257";APV;"1Y";"0.78%"
2023-02-15;"8257";APV;YTD;-6.80%
2023-02-16;"8257";APV;"1M";-2.91%
2023-02-16;"8257";APV;"3M";-10.27%
2023-02-16;"8257";APV;"6M";-8.28%
2023-02-16;"8257";APV;"1Y";"1.60%"
2023-02-16;"8257";APV;YTD;-6.59%
2023-02-17;"8257";APV;"1M";-3.09%
2023-02-17;"8257";APV;"3M";-12.96%
2023-02-17;"8257";APV;"6M";-9.90%
2023-02-17;"8257";APV;"1Y";"1.41%"
2023-02-17;"8257";APV;YTD;-6.82%
2023-02-18;"8257";APV;"1M";-2.08%
2023-02-18;"8257";APV;"3M";-13.74%
2023-02-18;"8257";APV;"6M";-12.09%
2023-02-18;"8257";APV;"1Y";"2.07%"
2023-02-18;"8257";APV;YTD;-6.81%
2023-02-19;"8257";APV;"1M";-4.00%
2023-02-19;"8257";APV;"3M";-13.74%
2023-02-19;"8257";APV;"6M";-14.61%
2023-02-19;"8257";APV;"1Y";"2.09%"
2023-02-19;"8257";APV;YTD;-6.80%
2023-02-20;"8257";APV;"1M";-3.17%
2023-02-20;"8257";APV;"3M";-13.80%
2023-02-20;"8257";APV;"6M";-14.66%
2023-02-20;"8257";APV;"1Y";"2.03%"
2023-02-20;"8257";APV;YTD;-6.85%
2023-02-21;"8257";APV;"1M";-2.43%
2023-02-21;"8257";APV;"3M";-14.76%
2023-02-21;"8257";APV;"6M";-14.01%
2023-02-21;"8257";APV;"1Y";"2.04%"
2023-02-21;"8257";APV;YTD;-6.12%
2023-02-22;"8257";APV;"1M";-2.23%
2023-02-22;"8257";APV;"3M";-13.51%
2023-02-22;"8257";APV;"6M";-13.83%
2023-02-22;"8257";APV;"1Y";"2.75%"
2023-02-22;"8257";APV;YTD;-5.92%
2023-02-23;"8257";APV;"1M";-0.96%
2023-02-23;"8257";APV;"3M";-12.13%
2023-02-23;"8257";APV;"6M";-11.72%
2023-02-23;"8257";APV;"1Y";"4.42%"
2023-02-23;"8257";APV;YTD;-5.49%
2023-02-24;"8257";APV;"1M";"2.06%"
2023-02-24;"8257";APV;"3M";-9.16%
2023-02-24;"8257";APV;"6M";-8.86%
2023-02-24;"8257";APV;"1Y";"3.82%"
2023-02-24;"8257";APV;YTD;-3.62%
2023-02-25;"8257";APV;"1M";"2.29%"
2023-02-25;"8257";APV;"3M";-9.54%
2023-02-25;"8257";APV;"6M";-8.30%
2023-02-25;"8257";APV;"1Y";"4.09%"
2023-02-25;"8257";APV;YTD;-3.61%
2023-02-26;"8257";APV;"1M";"2.43%"
2023-02-26;"8257";APV;"3M";-9.53%
2023-02-26;"8257";APV;"6M";-7.29%
2023-02-26;"8257";APV;"1Y";"4.10%"
2023-02-26;"8257";APV;YTD;-3.60%
2023-02-27;"8257";APV;"1M";"3.93%"
2023-02-27;"8257";APV;"3M";-8.14%
2023-02-27;"8257";APV;"6M";-5.86%
2023-02-27;"8257";APV;"1Y";"5.71%"
2023-02-27;"8257";APV;YTD;-2.11%
2023-02-28;"8257";APV;"1M";"3.77%"
2023-02-28;"8257";APV;"3M";-8.34%
2023-02-28;"8257";APV;"6M";-6.00%
2023-02-28;"8257";APV;"1Y";"6.52%"
2023-02-28;"8257";APV;YTD;-2.24%
2023-03-01;"8257";APV;"1M";"3.35%"
2023-03-01;"8257";APV;"3M";-6.87%
2023-03-01;"8257";APV;"6M";-7.48%
2023-03-01;"8257";APV;"1Y";"3.96%"
2023-03-01;"8257";APV;YTD;-3.96%
2023-03-02;"8257";APV;"1M";"4.62%"
2023-03-02;"8257";APV;"3M";-6.54%
2023-03-02;"8257";APV;"6M";-6.22%
2023-03-02;"8257";APV;"1Y";"3.37%"
2023-03-02;"8257";APV;YTD;-4.03%
2023-03-03;"8257";APV;"1M";"2.92%"
2023-03-03;"8257";APV;"3M";-7.19%
2023-03-03;"8257";APV;"6M";-6.87%
2023-03-03;"8257";APV;"1Y";"3.48%"
2023-03-03;"8257";APV;YTD;-4.68%
2023-03-04;"8257";APV;"1M";"2.92%"
2023-03-04;"8257";APV;"3M";-7.18%
2023-03-04;"8257";APV;"6M";-6.86%
2023-03-04;"8257";APV;"1Y";"2.73%"
2023-03-04;"8257";APV;YTD;-4.67%
2023-03-05;"8257";APV;"1M";"2.92%"
2023-03-05;"8257";APV;"3M";-7.64%
2023-03-05;"8257";APV;"6M";-4.78%
2023-03-05;"8257";APV;"1Y";"2.75%"
2023-03-05;"8257";APV;YTD;-4.66%
2023-03-06;"8257";APV;"1M";"0.15%"
2023-03-06;"8257";APV;"3M";-8.16%
2023-03-06;"8257";APV;"6M";-7.84%
2023-03-06;"8257";APV;"1Y";"2.01%"
2023-03-06;"8257";APV;YTD;-5.34%
2023-03-07;"8257";APV;"1M";"0.21%"
2023-03-07;"8257";APV;"3M";-8.07%
2023-03-07;"8257";APV;"6M";-8.16%
2023-03-07;"8257";APV;"1Y";"1.20%"
2023-03-07;"8257";APV;YTD;-5.90%
2023-03-08;"8257";APV;"1M";"1.60%"
2023-03-08;"8257";APV;"3M";-7.53%
2023-03-08;"8257";APV;"6M";-7.06%
2023-03-08;"8257";APV;"1Y";"1.38%"
2023-03-08;"8257";APV;YTD;-5.33%
2023-03-09;"8257";APV;"1M";"0.96%"
2023-03-09;"8257";APV;"3M";-5.93%
2023-03-09;"8257";APV;"6M";-7.72%
2023-03-09;"8257";APV;"1Y";"2.20%"
2023-03-09;"8257";APV;YTD;-5.55%
2023-03-10;"8257";APV;"1M";-0.07%
2023-03-10;"8257";APV;"3M";-6.36%
2023-03-10;"8257";APV;"6M";-8.13%
2023-03-10;"8257";APV;"1Y";"1.43%"
2023-03-10;"8257";APV;YTD;-5.98%
2023-03-11;"8257";APV;"1M";-0.07%
2023-03-11;"8257";APV;"3M";-6.36%
2023-03-11;"8257";APV;"6M";-8.13%
2023-03-11;"8257";APV;"1Y";"1.90%"
2023-03-11;"8257";APV;YTD;-5.96%
2023-03-12;"8257";APV;"1M";-0.07%
2023-03-12;"8257";APV;"3M";-6.20%
2023-03-12;"8257";APV;"6M";-9.51%
2023-03-12;"8257";APV;"1Y";"1.91%"
2023-03-12;"8257";APV;YTD;-5.95%
2023-03-13;"8257";APV;"1M";"1.56%"
2023-03-13;"8257";APV;"3M";-5.28%
2023-03-13;"8257";APV;"6M";-9.99%
2023-03-13;"8257";APV;"1Y";"2.68%"
2023-03-13;"8257";APV;YTD;-5.24%
2023-03-14;"8257";APV;"1M";"1.80%"
2023-03-14;"8257";APV;"3M";-6.09%
2023-03-14;"8257";APV;"6M";-10.92%
2023-03-14;"8257";APV;"1Y";"1.64%"
2023-03-14;"8257";APV;YTD;-5.51%
2023-03-15;"8257";APV;"1M";"3.52%"
2023-03-15;"8257";APV;"3M";-5.52%
2023-03-15;"8257";APV;"6M";-9.60%
2023-03-15;"8257";APV;"1Y";"2.93%"
2023-03-15;"8257";APV;YTD;-3.53%
2023-03-16;"8257";APV;"1M";"4.20%"
2023-03-16;"8257";APV;"3M";-5.80%
2023-03-16;"8257";APV;"6M";-8.79%
2023-03-16;"8257";APV;"1Y";"5.33%"
2023-03-16;"8257";APV;YTD;-2.66%
2023-03-17;"8257";APV;"1M";"5.24%"
2023-03-17;"8257";APV;"3M";-5.12%
2023-03-17;"8257";APV;"6M";-8.12%
2023-03-17;"8257";APV;"1Y";"6.84%"
2023-03-17;"8257";APV;YTD;-1.94%
2023-03-18;"8257";APV;"1M";"5.24%"
2023-03-18;"8257";APV;"3M";-5.12%
2023-03-18;"8257";APV;"6M";-8.12%
2023-03-18;"8257";APV;"1Y";"6.30%"
2023-03-18;"8257";APV;YTD;-1.93%
2023-03-19;"8257";APV;"1M";"5.24%"
2023-03-19;"8257";APV;"3M";-5.36%
2023-03-19;"8257";APV;"6M";-8.11%
2023-03-19;"8257";APV;"1Y";"6.32%"
2023-03-19;"8257";APV;YTD;-1.91%
2023-03-20;"8257";APV;"1M";"4.77%"
2023-03-20;"8257";APV;"3M";-5.99%
2023-03-20;"8257";APV;"6M";-9.14%
2023-03-20;"8257";APV;"1Y";"5.78%"
2023-03-20;"8257";APV;YTD;-2.41%
2023-03-21;"8257";APV;"1M";"3.37%"
2023-03-21;"8257";APV;"3M";-5.46%
2023-03-21;"8257";APV;"6M";-10.68%
2023-03-21;"8257";APV;"1Y";"5.67%"
2023-03-21;"8257";APV;YTD;-2.96%
2023-03-22;"8257";APV;"1M";"2.80%"
2023-03-22;"8257";APV;"3M";-4.42%
2023-03-22;"8257";APV;"6M";-11.38%
2023-03-22;"8257";APV;"1Y";"6.03%"
2023-03-22;"8257";APV;YTD;-3.28%
2023-03-23;"8257";APV;"1M";"0.66%"
2023-03-23;"8257";APV;"3M";-6.99%
2023-03-23;"8257";APV;"6M";-14.83%
2023-03-23;"8257";APV;"1Y";"4.13%"
2023-03-23;"8257";APV;YTD;-4.86%
2023-03-24;"8257";APV;"1M";-0.50%
2023-03-24;"8257";APV;"3M";-6.27%
2023-03-24;"8257";APV;"6M";-14.17%
2023-03-24;"8257";APV;"1Y";"5.56%"
2023-03-24;"8257";APV;YTD;-4.11%
2023-03-25;"8257";APV;"1M";-0.50%
2023-03-25;"8257";APV;"3M";-6.27%
2023-03-25;"8257";APV;"6M";-14.16%
2023-03-25;"8257";APV;"1Y";"6.11%"
2023-03-25;"8257";APV;YTD;-4.10%
2023-03-26;"8257";APV;"1M";-0.50%
2023-03-26;"8257";APV;"3M";-6.58%
2023-03-26;"8257";APV;"6M";-16.06%
2023-03-26;"8257";APV;"1Y";"6.12%"
2023-03-26;"8257";APV;YTD;-4.09%
2023-03-27;"8257";APV;"1M";-2.60%
2023-03-27;"8257";APV;"3M";-6.89%
2023-03-27;"8257";APV;"6M";-16.20%
2023-03-27;"8257";APV;"1Y";"5.50%"
2023-03-27;"8257";APV;YTD;-4.65%
2023-03-28;"8257";APV;"1M";-3.28%
2023-03-28;"8257";APV;"3M";-5.52%
2023-03-28;"8257";APV;"6M";-15.90%
2023-03-28;"8257";APV;"1Y";"5.59%"
2023-03-28;"8257";APV;YTD;-5.44%
2023-03-29;"8257";APV;"1M";-4.18%
2023-03-29;"8257";APV;"3M";-6.71%
2023-03-29;"8257";APV;"6M";-16.25%
2023-03-29;"8257";APV;"1Y";"4.81%"
2023-03-29;"8257";APV;YTD;-6.33%
2023-03-30;"8257";APV;"1M";-4.51%
2023-03-30;"8257";APV;"3M";-6.65%
2023-03-30;"8257";APV;"6M";-16.05%
2023-03-30;"8257";APV;"1Y";"3.11%"
2023-03-30;"8257";APV;YTD;-6.65%
2023-03-31;"8257";APV;"1M";-4.37%
2023-03-31;"8257";APV;"3M";-6.52%
2023-03-31;"8257";APV;"6M";-15.92%
2023-03-31;"8257";APV;"1Y";"3.16%"
2023-03-31;"8257";APV;YTD;-6.51%
2023-04-01;"8257";APV;"1M";-2.64%
2023-04-01;"8257";APV;"3M";-6.52%
2023-04-01;"8257";APV;"6M";-15.92%
2023-04-01;"8257";APV;"1Y";"3.77%"
2023-04-01;"8257";APV;YTD;-6.50%
2023-04-02;"8257";APV;"1M";-2.56%
2023-04-02;"8257";APV;"3M";-6.52%
2023-04-02;"8257";APV;"6M";-15.91%
2023-04-02;"8257";APV;"1Y";"3.79%"
2023-04-02;"8257";APV;YTD;-6.49%
2023-04-03;"8257";APV;"1M";-0.53%
2023-04-03;"8257";APV;"3M";-4.82%
2023-04-03;"8257";APV;"6M";-14.32%
2023-04-03;"8257";APV;"1Y";"5.23%"
2023-04-03;"8257";APV;YTD;-5.19%
2023-04-04;"8257";APV;"1M";"0.64%"
2023-04-04;"8257";APV;"3M";-4.04%
2023-04-04;"8257";APV;"6M";-11.05%
2023-04-04;"8257";APV;"1Y";"7.04%"
2023-04-04;"8257";APV;YTD;-4.07%
2023-04-05;"8257";APV;"1M";"0.58%"
2023-04-05;"8257";APV;"3M";-4.23%
2023-04-05;"8257";APV;"6M";-12.12%
2023-04-05;"8257";APV;"1Y";"6.46%"
2023-04-05;"8257";APV;YTD;-4.10%
2023-04-06;"8257";APV;"1M";"1.88%"
2023-04-06;"8257";APV;"3M";-2.58%
2023-04-06;"8257";APV;"6M";-11.81%
2023-04-06;"8257";APV;"1Y";"5.53%"
2023-04-06;"8257";APV;YTD;-3.56%
2023-04-07;"8257";APV;"1M";"2.49%"
2023-04-07;"8257";APV;"3M";-2.58%
2023-04-07;"8257";APV;"6M";-11.91%
2023-04-07;"8257";APV;"1Y";"3.80%"
2023-04-07;"8257";APV;YTD;-3.55%
2023-04-08;"8257";APV;"1M";"1.89%"
2023-04-08;"8257";APV;"3M";-2.57%
2023-04-08;"8257";APV;"6M";-11.90%
2023-04-08;"8257";APV;"1Y";"3.00%"
2023-04-08;"8257";APV;YTD;-3.54%
2023-04-09;"8257";APV;"1M";"2.15%"
2023-04-09;"8257";APV;"3M";-1.50%
2023-04-09;"8257";APV;"6M";-11.90%
2023-04-09;"8257";APV;"1Y";"3.02%"
2023-04-09;"8257";APV;YTD;-3.52%
2023-04-10;"8257";APV;"1M";"3.49%"
2023-04-10;"8257";APV;"3M";-0.26%
2023-04-10;"8257";APV;"6M";-11.15%
2023-04-10;"8257";APV;"1Y";"3.89%"
2023-04-10;"8257";APV;YTD;-2.70%
2023-04-11;"8257";APV;"1M";"2.26%"
2023-04-11;"8257";APV;"3M";-0.48%
2023-04-11;"8257";APV;"6M";-11.15%
2023-04-11;"8257";APV;"1Y";"2.14%"
2023-04-11;"8257";APV;YTD;-3.84%
2023-04-12;"8257";APV;"1M";"1.15%"
2023-04-12;"8257";APV;"3M";-1.17%
2023-04-12;"8257";APV;"6M";-12.04%
2023-04-12;"8257";APV;"1Y";"2.52%"
2023-04-12;"8257";APV;YTD;-4.87%
2023-04-13;"8257";APV;"1M";-0.49%
2023-04-13;"8257";APV;"3M";-2.28%
2023-04-13;"8257";APV;"6M";-13.88%
2023-04-13;"8257";APV;"1Y";"1.88%"
2023-04-13;"8257";APV;YTD;-5.70%
2023-04-14;"8257";APV;"1M";"0.00%"
2023-04-14;"8257";APV;"3M";-2.10%
2023-04-14;"8257";APV;"6M";-14.26%
2023-04-14;"8257";APV;"1Y";"0.83%"
2023-04-14;"8257";APV;YTD;-5.51%
2023-04-15;"8257";APV;"1M";-2.04%
2023-04-15;"8257";APV;"3M";-2.09%
2023-04-15;"8257";APV;"6M";-14.25%
2023-04-15;"8257";APV;"1Y";"0.84%"
2023-04-15;"8257";APV;YTD;-5.50%
2023-04-16;"8257";APV;"1M";-2.90%
2023-04-16;"8257";APV;"3M";-1.77%
2023-04-16;"8257";APV;"6M";-14.25%
2023-04-16;"8257";APV;"1Y";"0.86%"
2023-04-16;"8257";APV;YTD;-5.49%
2023-04-17;"8257";APV;"1M";-3.12%
2023-04-17;"8257";APV;"3M";-1.19%
2023-04-17;"8257";APV;"6M";-15.33%
2023-04-17;"8257";APV;"1Y";"1.37%"
2023-04-17;"8257";APV;YTD;-5.00%
2023-04-18;"8257";APV;"1M";-3.85%
2023-04-18;"8257";APV;"3M";-0.92%
2023-04-18;"8257";APV;"6M";-16.33%
2023-04-18;"8257";APV;"1Y";"0.26%"
2023-04-18;"8257";APV;YTD;-5.70%
2023-04-19;"8257";APV;"1M";-3.64%
2023-04-19;"8257";APV;"3M";-2.65%
2023-04-19;"8257";APV;"6M";-16.67%
2023-04-19;"8257";APV;"1Y";"0.43%"
2023-04-19;"8257";APV;YTD;-5.49%
2023-04-20;"8257";APV;"1M";-3.78%
2023-04-20;"8257";APV;"3M";-2.39%
2023-04-20;"8257";APV;"6M";-16.70%
2023-04-20;"8257";APV;"1Y";"0.01%"
2023-04-20;"8257";APV;YTD;-6.10%
2023-04-21;"8257";APV;"1M";-2.69%
2023-04-21;"8257";APV;"3M";-1.86%
2023-04-21;"8257";APV;"6M";-16.79%
2023-04-21;"8257";APV;"1Y";"0.37%"
2023-04-21;"8257";APV;YTD;-5.57%
2023-04-22;"8257";APV;"1M";-2.36%
2023-04-22;"8257";APV;"3M";-1.86%
2023-04-22;"8257";APV;"6M";-16.79%
2023-04-22;"8257";APV;"1Y";-1.61%
2023-04-22;"8257";APV;YTD;-5.56%
2023-04-23;"8257";APV;"1M";-0.72%
2023-04-23;"8257";APV;"3M";-1.02%
2023-04-23;"8257";APV;"6M";-16.78%
2023-04-23;"8257";APV;"1Y";-1.60%
2023-04-23;"8257";APV;YTD;-5.55%
2023-04-24;"8257";APV;"1M";"0.84%"
2023-04-24;"8257";APV;"3M";"2.40%"
2023-04-24;"8257";APV;"6M";-15.28%
2023-04-24;"8257";APV;"1Y";"0.74%"
2023-04-24;"8257";APV;YTD;-3.30%
2023-04-25;"8257";APV;"1M";"0.74%"
2023-04-25;"8257";APV;"3M";"2.52%"
2023-04-25;"8257";APV;"6M";-14.25%
2023-04-25;"8257";APV;"1Y";-1.29%
2023-04-25;"8257";APV;YTD;-3.39%
2023-04-26;"8257";APV;"1M";-0.34%
2023-04-26;"8257";APV;"3M";"1.57%"
2023-04-26;"8257";APV;"6M";-13.55%
2023-04-26;"8257";APV;"1Y";-1.96%
2023-04-26;"8257";APV;YTD;-4.41%
2023-04-27;"8257";APV;"1M";-0.18%
2023-04-27;"8257";APV;"3M";"1.05%"
2023-04-27;"8257";APV;"6M";-13.23%
2023-04-27;"8257";APV;"1Y";-2.37%
2023-04-27;"8257";APV;YTD;-4.82%
2023-04-28;"8257";APV;"1M";"0.88%"
2023-04-28;"8257";APV;"3M";"1.26%"
2023-04-28;"8257";APV;"6M";-12.21%
2023-04-28;"8257";APV;"1Y";-3.19%
2023-04-28;"8257";APV;YTD;-4.61%
2023-04-29;"8257";APV;"1M";"1.85%"
2023-04-29;"8257";APV;"3M";"1.26%"
2023-04-29;"8257";APV;"6M";-12.20%
2023-04-29;"8257";APV;"1Y";-2.52%
2023-04-29;"8257";APV;YTD;-4.59%
2023-04-30;"8257";APV;"1M";"2.22%"
2023-04-30;"8257";APV;"3M";"0.36%"
2023-04-30;"8257";APV;"6M";-12.20%
2023-04-30;"8257";APV;"1Y";-2.51%
2023-04-30;"8257";APV;YTD;-4.58%
2023-05-01;"8257";APV;"1M";"2.06%"
2023-05-01;"8257";APV;"3M";"2.70%"
2023-05-01;"8257";APV;"6M";-12.20%
2023-05-01;"8257";APV;"1Y";-2.49%
2023-05-01;"8257";APV;YTD;-4.57%
2023-05-02;"8257";APV;"1M";"2.76%"
2023-05-02;"8257";APV;"3M";"4.76%"
2023-05-02;"8257";APV;"6M";-11.74%
2023-05-02;"8257";APV;"1Y";-2.94%
2023-05-02;"8257";APV;YTD;-3.91%
2023-05-03;"8257";APV;"1M";"1.02%"
2023-05-03;"8257";APV;"3M";"3.43%"
2023-05-03;"8257";APV;"6M";-13.04%
2023-05-03;"8257";APV;"1Y";-2.82%
2023-05-03;"8257";APV;YTD;-4.22%
2023-05-04;"8257";APV;"1M";-0.82%
2023-05-04;"8257";APV;"3M";"2.72%"
2023-05-04;"8257";APV;"6M";-12.11%
2023-05-04;"8257";APV;"1Y";-3.76%
2023-05-04;"8257";APV;YTD;-4.86%
2023-05-05;"8257";APV;"1M";-1.40%
2023-05-05;"8257";APV;"3M";"2.07%"
2023-05-05;"8257";APV;"6M";-12.67%
2023-05-05;"8257";APV;"1Y";-4.77%
2023-05-05;"8257";APV;YTD;-5.45%
2023-05-06;"8257";APV;"1M";-1.94%
2023-05-06;"8257";APV;"3M";"0.06%"
2023-05-06;"8257";APV;"6M";-12.66%
2023-05-06;"8257";APV;"1Y";-4.15%
2023-05-06;"8257";APV;YTD;-5.43%
2023-05-07;"8257";APV;"1M";-1.94%
2023-05-07;"8257";APV;"3M";"0.72%"
2023-05-07;"8257";APV;"6M";-11.44%
2023-05-07;"8257";APV;"1Y";-4.14%
2023-05-07;"8257";APV;YTD;-5.42%
2023-05-08;"8257";APV;"1M";-2.19%
2023-05-08;"8257";APV;"3M";"1.26%"
2023-05-08;"8257";APV;"6M";-10.47%
2023-05-08;"8257";APV;"1Y";-4.37%
2023-05-08;"8257";APV;YTD;-5.65%
2023-05-09;"8257";APV;"1M";-2.31%
2023-05-09;"8257";APV;"3M";"0.75%"
2023-05-09;"8257";APV;"6M";-10.29%
2023-05-09;"8257";APV;"1Y";-5.61%
2023-05-09;"8257";APV;YTD;-5.75%
2023-05-10;"8257";APV;"1M";-3.65%
2023-05-10;"8257";APV;"3M";-0.37%
2023-05-10;"8257";APV;"6M";-9.69%
2023-05-10;"8257";APV;"1Y";-6.13%
2023-05-10;"8257";APV;YTD;-6.25%
2023-05-11;"8257";APV;"1M";-1.48%
2023-05-11;"8257";APV;"3M";"0.68%"
2023-05-11;"8257";APV;"6M";-8.11%
2023-05-11;"8257";APV;"1Y";-4.45%
2023-05-11;"8257";APV;YTD;-5.26%
2023-05-12;"8257";APV;"1M";-1.56%
2023-05-12;"8257";APV;"3M";-0.51%
2023-05-12;"8257";APV;"6M";-9.19%
2023-05-12;"8257";APV;"1Y";-6.23%
2023-05-12;"8257";APV;YTD;-6.36%
2023-05-13;"8257";APV;"1M";-0.69%
2023-05-13;"8257";APV;"3M";"0.37%"
2023-05-13;"8257";APV;"6M";-9.19%
2023-05-13;"8257";APV;"1Y";-5.47%
2023-05-13;"8257";APV;YTD;-6.35%
2023-05-14;"8257";APV;"1M";-0.87%
2023-05-14;"8257";APV;"3M";"0.91%"
2023-05-14;"8257";APV;"6M";-10.32%
2023-05-14;"8257";APV;"1Y";-5.46%
2023-05-14;"8257";APV;YTD;-6.34%
2023-05-15;"8257";APV;"1M";-1.33%
2023-05-15;"8257";APV;"3M";"0.05%"
2023-05-15;"8257";APV;"6M";-9.77%
2023-05-15;"8257";APV;"1Y";-5.88%
2023-05-15;"8257";APV;YTD;-6.76%
2023-05-16;"8257";APV;"1M";"0.06%"
2023-05-16;"8257";APV;"3M";"1.25%"
2023-05-16;"8257";APV;"6M";-9.15%
2023-05-16;"8257";APV;"1Y";-4.20%
2023-05-16;"8257";APV;YTD;-5.42%
2023-05-17;"8257";APV;"1M";-0.08%
2023-05-17;"8257";APV;"3M";"1.87%"
2023-05-17;"8257";APV;"6M";-11.33%
2023-05-17;"8257";APV;"1Y";-3.04%
2023-05-17;"8257";APV;YTD;-5.08%
2023-05-18;"8257";APV;"1M";"0.52%"
2023-05-18;"8257";APV;"3M";"1.72%"
2023-05-18;"8257";APV;"6M";-12.26%
2023-05-18;"8257";APV;"1Y";-3.07%
2023-05-18;"8257";APV;YTD;-5.21%
2023-05-19;"8257";APV;"1M";"0.43%"
2023-05-19;"8257";APV;"3M";"1.84%"
2023-05-19;"8257";APV;"6M";-12.15%
2023-05-19;"8257";APV;"1Y";-2.07%
2023-05-19;"8257";APV;YTD;-5.08%
2023-05-20;"8257";APV;"1M";"1.10%"
2023-05-20;"8257";APV;"3M";"1.91%"
2023-05-20;"8257";APV;"6M";-12.15%
2023-05-20;"8257";APV;"1Y";-1.03%
2023-05-20;"8257";APV;YTD;-5.07%
2023-05-21;"8257";APV;"1M";"0.55%"
2023-05-21;"8257";APV;"3M";"1.14%"
2023-05-21;"8257";APV;"6M";-13.79%
2023-05-21;"8257";APV;"1Y";-1.02%
2023-05-21;"8257";APV;YTD;-5.05%
2023-05-22;"8257";APV;"1M";"0.96%"
2023-05-22;"8257";APV;"3M";"1.34%"
2023-05-22;"8257";APV;"6M";-12.35%
2023-05-22;"8257";APV;"1Y";-0.60%
2023-05-22;"8257";APV;YTD;-4.65%
2023-05-23;"8257";APV;"1M";"1.15%"
2023-05-23;"8257";APV;"3M";"1.08%"
2023-05-23;"8257";APV;"6M";-11.17%
2023-05-23;"8257";APV;"1Y";"0.07%"
2023-05-23;"8257";APV;YTD;-4.46%
2023-05-24;"8257";APV;"1M";-0.28%
2023-05-24;"8257";APV;"3M";"0.05%"
2023-05-24;"8257";APV;"6M";-9.11%
2023-05-24;"8257";APV;"1Y";"0.47%"
2023-05-24;"8257";APV;YTD;-3.58%
2023-05-25;"8257";APV;"1M";-0.15%
2023-05-25;"8257";APV;"3M";"0.07%"
2023-05-25;"8257";APV;"6M";-9.47%
2023-05-25;"8257";APV;"1Y";"0.33%"
2023-05-25;"8257";APV;YTD;-3.54%
2023-05-26;"8257";APV;"1M";"0.28%"
2023-05-26;"8257";APV;"3M";-0.56%
2023-05-26;"8257";APV;"6M";-10.04%
2023-05-26;"8257";APV;"1Y";"0.41%"
2023-05-26;"8257";APV;YTD;-4.14%
2023-05-27;"8257";APV;"1M";"0.73%"
2023-05-27;"8257";APV;"3M";-2.06%
2023-05-27;"8257";APV;"6M";-10.04%
2023-05-27;"8257";APV;"1Y";"1.32%"
2023-05-27;"8257";APV;YTD;-4.12%
2023-05-28;"8257";APV;"1M";"0.52%"
2023-05-28;"8257";APV;"3M";-1.91%
2023-05-28;"8257";APV;"6M";-10.09%
2023-05-28;"8257";APV;"1Y";"1.33%"
2023-05-28;"8257";APV;YTD;-4.11%
2023-05-29;"8257";APV;"1M";"0.27%"
2023-05-29;"8257";APV;"3M";-2.14%
2023-05-29;"8257";APV;"6M";-9.25%
2023-05-29;"8257";APV;"1Y";"1.09%"
2023-05-29;"8257";APV;YTD;-4.33%
2023-05-30;"8257";APV;"1M";"0.50%"
2023-05-30;"8257";APV;"3M";-1.91%
2023-05-30;"8257";APV;"6M";-7.94%
2023-05-30;"8257";APV;"1Y";"0.84%"
2023-05-30;"8257";APV;YTD;-4.10%
2023-05-31;"8257";APV;"1M";"1.47%"
2023-05-31;"8257";APV;"3M";-0.96%
2023-05-31;"8257";APV;"6M";-7.05%
2023-05-31;"8257";APV;"1Y";"2.05%"
2023-05-31;"8257";APV;YTD;-3.18%
2023-06-01;"8257";APV;"1M";"0.60%"
2023-06-01;"8257";APV;"3M";-0.04%
2023-06-01;"8257";APV;"6M";-6.91%
2023-06-01;"8257";APV;"1Y";"1.07%"
2023-06-01;"8257";APV;YTD;-4.00%
2023-06-02;"8257";APV;"1M";-0.90%
2023-06-02;"8257";APV;"3M";-0.78%
2023-06-02;"8257";APV;"6M";-7.26%
2023-06-02;"8257";APV;"1Y";"1.44%"
2023-06-02;"8257";APV;YTD;-4.78%
2023-06-03;"8257";APV;"1M";-0.57%
2023-06-03;"8257";APV;"3M";-0.08%
2023-06-03;"8257";APV;"6M";-7.26%
2023-06-03;"8257";APV;"1Y";"1.73%"
2023-06-03;"8257";APV;YTD;-4.76%
2023-06-04;"8257";APV;"1M";"0.11%"
2023-06-04;"8257";APV;"3M";-0.08%
2023-06-04;"8257";APV;"6M";-7.26%
2023-06-04;"8257";APV;"1Y";"1.74%"
2023-06-04;"8257";APV;YTD;-4.75%
2023-06-05;"8257";APV;"1M";"0.72%"
2023-06-05;"8257";APV;"3M";-0.11%
2023-06-05;"8257";APV;"6M";-7.74%
2023-06-05;"8257";APV;"1Y";"1.72%"
2023-06-05;"8257";APV;YTD;-4.76%
2023-06-06;"8257";APV;"1M";"0.73%"
2023-06-06;"8257";APV;"3M";"0.63%"
2023-06-06;"8257";APV;"6M";-7.58%
2023-06-06;"8257";APV;"1Y";"1.17%"
2023-06-06;"8257";APV;YTD;-4.74%
2023-06-07;"8257";APV;"1M";"0.18%"
2023-06-07;"8257";APV;"3M";"0.69%"
2023-06-07;"8257";APV;"6M";-7.43%
2023-06-07;"8257";APV;"1Y";-0.70%
2023-06-07;"8257";APV;YTD;-5.25%
2023-06-08;"8257";APV;"1M";"0.10%"
2023-06-08;"8257";APV;"3M";-0.24%
2023-06-08;"8257";APV;"6M";-7.75%
2023-06-08;"8257";APV;"1Y";-0.15%
2023-06-08;"8257";APV;YTD;-5.56%
2023-06-09;"8257";APV;"1M";-0.23%
2023-06-09;"8257";APV;"3M";-0.44%
2023-06-09;"8257";APV;"6M";-6.34%
2023-06-09;"8257";APV;"1Y";-1.25%
2023-06-09;"8257";APV;YTD;-5.97%
2023-06-10;"8257";APV;"1M";"0.32%"
2023-06-10;"8257";APV;"3M";"0.02%"
2023-06-10;"8257";APV;"6M";-6.34%
2023-06-10;"8257";APV;"1Y";-2.59%
2023-06-10;"8257";APV;YTD;-5.96%
2023-06-11;"8257";APV;"1M";-0.72%
2023-06-11;"8257";APV;"3M";"0.02%"
2023-06-11;"8257";APV;"6M";-6.34%
2023-06-11;"8257";APV;"1Y";-2.57%
2023-06-11;"8257";APV;YTD;-5.94%
2023-06-12;"8257";APV;"1M";"2.97%"
2023-06-12;"8257";APV;"3M";"2.52%"
2023-06-12;"8257";APV;"6M";-3.83%
2023-06-12;"8257";APV;"1Y";-0.13%
2023-06-12;"8257";APV;YTD;-3.58%
2023-06-13;"8257";APV;"1M";"2.66%"
2023-06-13;"8257";APV;"3M";"1.45%"
2023-06-13;"8257";APV;"6M";-3.90%
2023-06-13;"8257";APV;"1Y";-3.28%
2023-06-13;"8257";APV;YTD;-3.86%
2023-06-14;"8257";APV;"1M";"2.11%"
2023-06-14;"8257";APV;"3M";"1.22%"
2023-06-14;"8257";APV;"6M";-4.94%
2023-06-14;"8257";APV;"1Y";-4.16%
2023-06-14;"8257";APV;YTD;-4.36%
2023-06-15;"8257";APV;"1M";"2.18%"
2023-06-15;"8257";APV;"3M";-1.24%
2023-06-15;"8257";APV;"6M";-6.69%
2023-06-15;"8257";APV;"1Y";-4.21%
2023-06-15;"8257";APV;YTD;-4.72%
2023-06-16;"8257";APV;"1M";"0.30%"
2023-06-16;"8257";APV;"3M";-2.55%
2023-06-16;"8257";APV;"6M";-8.20%
2023-06-16;"8257";APV;"1Y";-5.26%
2023-06-16;"8257";APV;YTD;-5.14%
2023-06-17;"8257";APV;"1M";-0.05%
2023-06-17;"8257";APV;"3M";-3.25%
2023-06-17;"8257";APV;"6M";-8.20%
2023-06-17;"8257";APV;"1Y";-5.90%
2023-06-17;"8257";APV;YTD;-5.13%
2023-06-18;"8257";APV;"1M";"0.10%"
2023-06-18;"8257";APV;"3M";-3.25%
2023-06-18;"8257";APV;"6M";-8.20%
2023-06-18;"8257";APV;"1Y";-5.89%
2023-06-18;"8257";APV;YTD;-5.11%
2023-06-19;"8257";APV;"1M";"0.26%"
2023-06-19;"8257";APV;"3M";-2.97%
2023-06-19;"8257";APV;"6M";-8.17%
2023-06-19;"8257";APV;"1Y";-5.61%
2023-06-19;"8257";APV;YTD;-4.83%
2023-06-20;"8257";APV;"1M";"1.06%"
2023-06-20;"8257";APV;"3M";-1.70%
2023-06-20;"8257";APV;"6M";-7.59%
2023-06-20;"8257";APV;"1Y";-5.41%
2023-06-20;"8257";APV;YTD;-4.06%
2023-06-21;"8257";APV;"1M";"1.06%"
2023-06-21;"8257";APV;"3M";-1.12%
2023-06-21;"8257";APV;"6M";-6.52%
2023-06-21;"8257";APV;"1Y";-5.40%
2023-06-21;"8257";APV;YTD;-4.05%
2023-06-22;"8257";APV;"1M";"1.04%"
2023-06-22;"8257";APV;"3M";-0.40%
2023-06-22;"8257";APV;"6M";-4.81%
2023-06-22;"8257";APV;"1Y";-5.65%
2023-06-22;"8257";APV;YTD;-3.66%
2023-06-23;"8257";APV;"1M";"1.25%"
2023-06-23;"8257";APV;"3M";"1.67%"
2023-06-23;"8257";APV;"6M";-5.43%
2023-06-23;"8257";APV;"1Y";-6.55%
2023-06-23;"8257";APV;YTD;-3.27%
2023-06-24;"8257";APV;"1M";"0.33%"
2023-06-24;"8257";APV;"3M";"0.89%"
2023-06-24;"8257";APV;"6M";-5.43%
2023-06-24;"8257";APV;"1Y";-7.84%
2023-06-24;"8257";APV;YTD;-3.26%
2023-06-25;"8257";APV;"1M";"0.31%"
2023-06-25;"8257";APV;"3M";"0.89%"
2023-06-25;"8257";APV;"6M";-5.43%
2023-06-25;"8257";APV;"1Y";-7.83%
2023-06-25;"8257";APV;YTD;-3.24%
2023-06-26;"8257";APV;"1M";"0.95%"
2023-06-26;"8257";APV;"3M";"0.89%"
2023-06-26;"8257";APV;"6M";-5.75%
2023-06-26;"8257";APV;"1Y";-7.82%
2023-06-26;"8257";APV;YTD;-3.23%
2023-06-27;"8257";APV;"1M";-0.04%
2023-06-27;"8257";APV;"3M";"0.52%"
2023-06-27;"8257";APV;"6M";-6.41%
2023-06-27;"8257";APV;"1Y";-8.71%
2023-06-27;"8257";APV;YTD;-4.16%
2023-06-28;"8257";APV;"1M";"0.03%"
2023-06-28;"8257";APV;"3M";"1.44%"
2023-06-28;"8257";APV;"6M";-4.15%
2023-06-28;"8257";APV;"1Y";-8.01%
2023-06-28;"8257";APV;YTD;-4.08%
2023-06-29;"8257";APV;"1M";"0.50%"
2023-06-29;"8257";APV;"3M";"2.65%"
2023-06-29;"8257";APV;"6M";-4.25%
2023-06-29;"8257";APV;"1Y";-9.26%
2023-06-29;"8257";APV;YTD;-3.85%
2023-06-30;"8257";APV;"1M";"0.15%"
2023-06-30;"8257";APV;"3M";"2.89%"
2023-06-30;"8257";APV;"6M";-3.96%
2023-06-30;"8257";APV;"1Y";-10.55%
2023-06-30;"8257";APV;YTD;-3.96%
2023-07-01;"8257";APV;"1M";"0.05%"
2023-07-01;"8257";APV;"3M";"2.73%"
2023-07-01;"8257";APV;"6M";-3.97%
2023-07-01;"8257";APV;"1Y";-10.77%
2023-07-01;"8257";APV;YTD;-3.95%
2023-07-02;"8257";APV;"1M";"0.89%"
2023-07-02;"8257";APV;"3M";"2.73%"
2023-07-02;"8257";APV;"6M";-3.97%
2023-07-02;"8257";APV;"1Y";-10.76%
2023-07-02;"8257";APV;YTD;-3.93%
2023-07-03;"8257";APV;"1M";"0.59%"
2023-07-03;"8257";APV;"3M";"1.04%"
2023-07-03;"8257";APV;"6M";-3.84%
2023-07-03;"8257";APV;"1Y";-11.02%
2023-07-03;"8257";APV;YTD;-4.20%
2023-07-04;"8257";APV;"1M";"0.23%"
2023-07-04;"8257";APV;"3M";-0.48%
2023-07-04;"8257";APV;"6M";-4.51%
2023-07-04;"8257";APV;"1Y";-10.65%
2023-07-04;"8257";APV;YTD;-4.53%
2023-07-05;"8257";APV;"1M";"0.44%"
2023-07-05;"8257";APV;"3M";-0.25%
2023-07-05;"8257";APV;"6M";-4.47%
2023-07-05;"8257";APV;"1Y";-12.46%
2023-07-05;"8257";APV;YTD;-4.35%
2023-07-06;"8257";APV;"1M";"1.27%"
2023-07-06;"8257";APV;"3M";"0.03%"
2023-07-06;"8257";APV;"6M";-2.55%
2023-07-06;"8257";APV;"1Y";-13.92%
2023-07-06;"8257";APV;YTD;-3.54%
2023-07-07;"8257";APV;"1M";"2.07%"
2023-07-07;"8257";APV;"3M";"0.28%"
2023-07-07;"8257";APV;"6M";-2.30%
2023-07-07;"8257";APV;"1Y";-12.53%
2023-07-07;"8257";APV;YTD;-3.28%
2023-07-08;"8257";APV;"1M";"2.43%"
2023-07-08;"8257";APV;"3M";"0.28%"
2023-07-08;"8257";APV;"6M";-2.30%
2023-07-08;"8257";APV;"1Y";-13.16%
2023-07-08;"8257";APV;YTD;-3.27%
2023-07-09;"8257";APV;"1M";"2.89%"
2023-07-09;"8257";APV;"3M";"0.28%"
2023-07-09;"8257";APV;"6M";-1.23%
2023-07-09;"8257";APV;"1Y";-13.15%
2023-07-09;"8257";APV;YTD;-3.25%
2023-07-10;"8257";APV;"1M";"3.59%"
2023-07-10;"8257";APV;"3M";"0.12%"
2023-07-10;"8257";APV;"6M";-0.15%
2023-07-10;"8257";APV;"1Y";-12.55%
2023-07-10;"8257";APV;YTD;-2.58%
2023-07-11;"8257";APV;"1M";"4.20%"
2023-07-11;"8257";APV;"3M";"1.92%"
2023-07-11;"8257";APV;"6M";"1.43%"
2023-07-11;"8257";APV;"1Y";-14.08%
2023-07-11;"8257";APV;YTD;-1.99%
2023-07-12;"8257";APV;"1M";"0.97%"
2023-07-12;"8257";APV;"3M";"2.34%"
2023-07-12;"8257";APV;"6M";"1.15%"
2023-07-12;"8257";APV;"1Y";-16.25%
2023-07-12;"8257";APV;YTD;-2.64%
2023-07-13;"8257";APV;"1M";"0.95%"
2023-07-13;"8257";APV;"3M";"2.92%"
2023-07-13;"8257";APV;"6M";"0.58%"
2023-07-13;"8257";APV;"1Y";-16.63%
2023-07-13;"8257";APV;YTD;-2.95%
2023-07-14;"8257";APV;"1M";"2.10%"
2023-07-14;"8257";APV;"3M";"3.34%"
2023-07-14;"8257";APV;"6M";"1.18%"
2023-07-14;"8257";APV;"1Y";-18.76%
2023-07-14;"8257";APV;YTD;-2.35%
2023-07-15;"8257";APV;"1M";"2.50%"
2023-07-15;"8257";APV;"3M";"3.34%"
2023-07-15;"8257";APV;"6M";"1.18%"
2023-07-15;"8257";APV;"1Y";-14.25%
2023-07-15;"8257";APV;YTD;-2.34%
2023-07-16;"8257";APV;"1M";"2.97%"
2023-07-16;"8257";APV;"3M";"3.34%"
2023-07-16;"8257";APV;"6M";"1.52%"
2023-07-16;"8257";APV;"1Y";-14.24%
2023-07-16;"8257";APV;YTD;-2.33%
2023-07-17;"8257";APV;"1M";"3.90%"
2023-07-17;"8257";APV;"3M";"3.76%"
2023-07-17;"8257";APV;"6M";"2.52%"
2023-07-17;"8257";APV;"1Y";-13.46%
2023-07-17;"8257";APV;YTD;-1.43%
2023-07-18;"8257";APV;"1M";"3.24%"
2023-07-18;"8257";APV;"3M";"3.88%"
2023-07-18;"8257";APV;"6M";"2.93%"
2023-07-18;"8257";APV;"1Y";-9.67%
2023-07-18;"8257";APV;YTD;-2.04%
2023-07-19;"8257";APV;"1M";"2.42%"
2023-07-19;"8257";APV;"3M";"3.13%"
2023-07-19;"8257";APV;"6M";"0.40%"
2023-07-19;"8257";APV;"1Y";-9.05%
2023-07-19;"8257";APV;YTD;-2.52%
2023-07-20;"8257";APV;"1M";"1.14%"
2023-07-20;"8257";APV;"3M";"3.34%"
2023-07-20;"8257";APV;"6M";"0.87%"
2023-07-20;"8257";APV;"1Y";-8.49%
2023-07-20;"8257";APV;YTD;-2.97%
2023-07-21;"8257";APV;"1M";"2.94%"
2023-07-21;"8257";APV;"3M";"4.60%"
2023-07-21;"8257";APV;"6M";"2.66%"
2023-07-21;"8257";APV;"1Y";-7.62%
2023-07-21;"8257";APV;YTD;-1.23%
2023-07-22;"8257";APV;"1M";"2.54%"
2023-07-22;"8257";APV;"3M";"4.60%"
2023-07-22;"8257";APV;"6M";"2.66%"
2023-07-22;"8257";APV;"1Y";-8.14%
2023-07-22;"8257";APV;YTD;-1.22%
2023-07-23;"8257";APV;"1M";"2.14%"
2023-07-23;"8257";APV;"3M";"4.60%"
2023-07-23;"8257";APV;"6M";"3.53%"
2023-07-23;"8257";APV;"1Y";-8.13%
2023-07-23;"8257";APV;YTD;-1.20%
2023-07-24;"8257";APV;"1M";"2.78%"
2023-07-24;"8257";APV;"3M";"2.83%"
2023-07-24;"8257";APV;"6M";"5.30%"
2023-07-24;"8257";APV;"1Y";-7.54%
2023-07-24;"8257";APV;YTD;-0.57%
2023-07-25;"8257";APV;"1M";"3.00%"
2023-07-25;"8257";APV;"3M";"3.16%"
2023-07-25;"8257";APV;"6M";"5.76%"
2023-07-25;"8257";APV;"1Y";-8.14%
2023-07-25;"8257";APV;YTD;-0.34%
2023-07-26;"8257";APV;"1M";"2.62%"
2023-07-26;"8257";APV;"3M";"3.88%"
2023-07-26;"8257";APV;"6M";"5.51%"
2023-07-26;"8257";APV;"1Y";-6.59%
2023-07-26;"8257";APV;YTD;-0.70%
2023-07-27;"8257";APV;"1M";"3.66%"
2023-07-27;"8257";APV;"3M";"4.38%"
2023-07-27;"8257";APV;"6M";"5.47%"
2023-07-27;"8257";APV;"1Y";-6.40%
2023-07-27;"8257";APV;YTD;-0.66%
2023-07-28;"8257";APV;"1M";"3.81%"
2023-07-28;"8257";APV;"3M";"4.39%"
2023-07-28;"8257";APV;"6M";"5.70%"
2023-07-28;"8257";APV;"1Y";-5.25%
2023-07-28;"8257";APV;YTD;-0.42%
2023-07-29;"8257";APV;"1M";"3.58%"
2023-07-29;"8257";APV;"3M";"4.39%"
2023-07-29;"8257";APV;"6M";"5.70%"
2023-07-29;"8257";APV;"1Y";-4.58%
2023-07-29;"8257";APV;YTD;-0.41%
2023-07-30;"8257";APV;"1M";"3.71%"
2023-07-30;"8257";APV;"3M";"4.39%"
2023-07-30;"8257";APV;"6M";"4.76%"
2023-07-30;"8257";APV;"1Y";-4.57%
2023-07-30;"8257";APV;YTD;-0.39%
2023-07-31;"8257";APV;"1M";"5.34%"
2023-07-31;"8257";APV;"3M";"6.03%"
2023-07-31;"8257";APV;"6M";"7.20%"
2023-07-31;"8257";APV;"1Y";-3.08%
2023-07-31;"8257";APV;YTD;"1.17%"
